﻿<?xml version="1.0" encoding="utf-8"?>
<!--Generated by SiteServer CMS-->
<feed version="0.3" xmlns="http://purl.org/atom/ns#">
<title>siteserver channel</title>
<author>
<name>siteserver</name>
<url>http://www.siteserver.cn/</url>
</author>
<generator url="http://www.siteserver.cn/" version="1.0.6535.13587">Generated by SiteServer CMS</generator>
<modified>2018-02-05T10:43:49+08:00</modified>
<dc:SiteServer_InputID xmlns:dc="http://purl.org/dc/elements/1.1/"><![CDATA[10]]></dc:SiteServer_InputID>
<dc:SiteServer_InputName xmlns:dc="http://purl.org/dc/elements/1.1/"><![CDATA[在线留言]]></dc:SiteServer_InputName>
<dc:SiteServer_PublishmentSystemID xmlns:dc="http://purl.org/dc/elements/1.1/"><![CDATA[736]]></dc:SiteServer_PublishmentSystemID>
<dc:SiteServer_AddDate xmlns:dc="http://purl.org/dc/elements/1.1/"><![CDATA[2018-02-03 12:37]]></dc:SiteServer_AddDate>
<dc:SiteServer_IsChecked xmlns:dc="http://purl.org/dc/elements/1.1/"><![CDATA[True]]></dc:SiteServer_IsChecked>
<dc:SiteServer_IsReply xmlns:dc="http://purl.org/dc/elements/1.1/"><![CDATA[False]]></dc:SiteServer_IsReply>
<dc:SiteServer_Taxis xmlns:dc="http://purl.org/dc/elements/1.1/"><![CDATA[1]]></dc:SiteServer_Taxis>
<dc:SiteServer_SettingsXML xmlns:dc="http://purl.org/dc/elements/1.1/"><![CDATA[3Hm/6rFm3ZHMOpweyd9dZHYgzqSfrCEdDupdJz98VEwDBPTwwUBTQrRquwc1b5+fq5cKJO4gvrp2/dmULlLK6H7Cga/b9loHUGzw5MfWbko3ihpFI+sbq/uCe9o8og4SAgzVPYukjuIgkRhAxgp1IbCOL+EGyxfxAqtFRml3Xvjwb9zxzGc3vQ==]]></dc:SiteServer_SettingsXML>
<entry>
<title>title</title>
<id>http://www.siteserver.cn/</id>
<modified>2018-02-05T10:43:49+08:00</modified>
<issued>2018-02-05T10:43:49+08:00</issued>
<created>2018-02-05T10:43:49+08:00</created>
<dc:SiteServer_id xmlns:dc="http://purl.org/dc/elements/1.1/"><![CDATA[18]]></dc:SiteServer_id>
<dc:SiteServer_inputid xmlns:dc="http://purl.org/dc/elements/1.1/"><![CDATA[10]]></dc:SiteServer_inputid>
<dc:SiteServer_taxis xmlns:dc="http://purl.org/dc/elements/1.1/"><![CDATA[2]]></dc:SiteServer_taxis>
<dc:SiteServer_ischecked xmlns:dc="http://purl.org/dc/elements/1.1/"><![CDATA[True]]></dc:SiteServer_ischecked>
<dc:SiteServer_ipaddress xmlns:dc="http://purl.org/dc/elements/1.1/"><![CDATA[localhost]]></dc:SiteServer_ipaddress>
<dc:SiteServer_adddate xmlns:dc="http://purl.org/dc/elements/1.1/"><![CDATA[2018/2/3 13:48:00]]></dc:SiteServer_adddate>
<dc:SiteServer_settingsxml xmlns:dc="http://purl.org/dc/elements/1.1/"><![CDATA[name=张三&email=admin@siteserver.cn&message=是否]]></dc:SiteServer_settingsxml>
<dc:SiteServer_name xmlns:dc="http://purl.org/dc/elements/1.1/"><![CDATA[张三]]></dc:SiteServer_name>
<dc:SiteServer_email xmlns:dc="http://purl.org/dc/elements/1.1/"><![CDATA[admin@siteserver.cn]]></dc:SiteServer_email>
<dc:SiteServer_message xmlns:dc="http://purl.org/dc/elements/1.1/"><![CDATA[是否]]></dc:SiteServer_message>
</entry>
<entry>
<title>title</title>
<id>http://www.siteserver.cn/</id>
<modified>2018-02-05T10:43:49+08:00</modified>
<issued>2018-02-05T10:43:49+08:00</issued>
<created>2018-02-05T10:43:49+08:00</created>
<dc:SiteServer_id xmlns:dc="http://purl.org/dc/elements/1.1/"><![CDATA[17]]></dc:SiteServer_id>
<dc:SiteServer_inputid xmlns:dc="http://purl.org/dc/elements/1.1/"><![CDATA[10]]></dc:SiteServer_inputid>
<dc:SiteServer_taxis xmlns:dc="http://purl.org/dc/elements/1.1/"><![CDATA[1]]></dc:SiteServer_taxis>
<dc:SiteServer_ischecked xmlns:dc="http://purl.org/dc/elements/1.1/"><![CDATA[True]]></dc:SiteServer_ischecked>
<dc:SiteServer_ipaddress xmlns:dc="http://purl.org/dc/elements/1.1/"><![CDATA[localhost]]></dc:SiteServer_ipaddress>
<dc:SiteServer_adddate xmlns:dc="http://purl.org/dc/elements/1.1/"><![CDATA[2018/2/3 13:47:00]]></dc:SiteServer_adddate>
<dc:SiteServer_settingsxml xmlns:dc="http://purl.org/dc/elements/1.1/"><![CDATA[name=中俄玩&email=admin@siteserver.cn&message=重中之重]]></dc:SiteServer_settingsxml>
<dc:SiteServer_name xmlns:dc="http://purl.org/dc/elements/1.1/"><![CDATA[中俄玩]]></dc:SiteServer_name>
<dc:SiteServer_email xmlns:dc="http://purl.org/dc/elements/1.1/"><![CDATA[admin@siteserver.cn]]></dc:SiteServer_email>
<dc:SiteServer_message xmlns:dc="http://purl.org/dc/elements/1.1/"><![CDATA[重中之重]]></dc:SiteServer_message>
</entry>
</feed>
