﻿<?xml version="1.0" encoding="utf-8"?>
<!--Generated by SiteServer CMS-->
<feed version="0.3" xmlns="http://purl.org/atom/ns#">
<title>siteserver channel</title>
<author>
<name>siteserver</name>
<url>http://www.siteserver.cn/</url>
</author>
<generator url="http://www.siteserver.cn/" version="1.0.6535.13587">Generated by SiteServer CMS</generator>
<modified>2018-02-05T10:43:49+08:00</modified>
<dc:SiteServer_InputID xmlns:dc="http://purl.org/dc/elements/1.1/"><![CDATA[11]]></dc:SiteServer_InputID>
<dc:SiteServer_InputName xmlns:dc="http://purl.org/dc/elements/1.1/"><![CDATA[联系我们]]></dc:SiteServer_InputName>
<dc:SiteServer_PublishmentSystemID xmlns:dc="http://purl.org/dc/elements/1.1/"><![CDATA[736]]></dc:SiteServer_PublishmentSystemID>
<dc:SiteServer_AddDate xmlns:dc="http://purl.org/dc/elements/1.1/"><![CDATA[2018-02-03 14:33]]></dc:SiteServer_AddDate>
<dc:SiteServer_IsChecked xmlns:dc="http://purl.org/dc/elements/1.1/"><![CDATA[True]]></dc:SiteServer_IsChecked>
<dc:SiteServer_IsReply xmlns:dc="http://purl.org/dc/elements/1.1/"><![CDATA[False]]></dc:SiteServer_IsReply>
<dc:SiteServer_Taxis xmlns:dc="http://purl.org/dc/elements/1.1/"><![CDATA[2]]></dc:SiteServer_Taxis>
<dc:SiteServer_SettingsXML xmlns:dc="http://purl.org/dc/elements/1.1/"><![CDATA[3Hm/6rFm3ZHMOpweyd9dZHYgzqSfrCEdDupdJz98VEwDBPTwwUBTQrRquwc1b5+fq5cKJO4gvrp2/dmULlLK6H7Cga/b9loHUGzw5MfWbko3ihpFI+sbq/uCe9o8og4SAgzVPYukjuIgkRhAxgp1IbCOL+EGyxfxAqtFRml3Xvjwb9zxzGc3vQ==]]></dc:SiteServer_SettingsXML>
<entry>
<title>title</title>
<id>http://www.siteserver.cn/</id>
<modified>2018-02-05T10:43:49+08:00</modified>
<issued>2018-02-05T10:43:49+08:00</issued>
<created>2018-02-05T10:43:49+08:00</created>
<dc:SiteServer_id xmlns:dc="http://purl.org/dc/elements/1.1/"><![CDATA[20]]></dc:SiteServer_id>
<dc:SiteServer_inputid xmlns:dc="http://purl.org/dc/elements/1.1/"><![CDATA[11]]></dc:SiteServer_inputid>
<dc:SiteServer_taxis xmlns:dc="http://purl.org/dc/elements/1.1/"><![CDATA[2]]></dc:SiteServer_taxis>
<dc:SiteServer_ischecked xmlns:dc="http://purl.org/dc/elements/1.1/"><![CDATA[True]]></dc:SiteServer_ischecked>
<dc:SiteServer_ipaddress xmlns:dc="http://purl.org/dc/elements/1.1/"><![CDATA[localhost]]></dc:SiteServer_ipaddress>
<dc:SiteServer_adddate xmlns:dc="http://purl.org/dc/elements/1.1/"><![CDATA[2018/2/5 10:36:00]]></dc:SiteServer_adddate>
<dc:SiteServer_settingsxml xmlns:dc="http://purl.org/dc/elements/1.1/"><![CDATA[name=张三&email=admin@siteserver.cn&iphone=010-12345678&company=规划局感觉怪怪&title=站点字段管理中的字段没有显示。&neirong=算得上是所所所所所所。]]></dc:SiteServer_settingsxml>
<dc:SiteServer_name xmlns:dc="http://purl.org/dc/elements/1.1/"><![CDATA[张三]]></dc:SiteServer_name>
<dc:SiteServer_email xmlns:dc="http://purl.org/dc/elements/1.1/"><![CDATA[admin@siteserver.cn]]></dc:SiteServer_email>
<dc:SiteServer_iphone xmlns:dc="http://purl.org/dc/elements/1.1/"><![CDATA[010-12345678]]></dc:SiteServer_iphone>
<dc:SiteServer_company xmlns:dc="http://purl.org/dc/elements/1.1/"><![CDATA[规划局感觉怪怪]]></dc:SiteServer_company>
<dc:SiteServer_title xmlns:dc="http://purl.org/dc/elements/1.1/"><![CDATA[站点字段管理中的字段没有显示。]]></dc:SiteServer_title>
<dc:SiteServer_neirong xmlns:dc="http://purl.org/dc/elements/1.1/"><![CDATA[算得上是所所所所所所。]]></dc:SiteServer_neirong>
</entry>
<entry>
<title>title</title>
<id>http://www.siteserver.cn/</id>
<modified>2018-02-05T10:43:49+08:00</modified>
<issued>2018-02-05T10:43:49+08:00</issued>
<created>2018-02-05T10:43:49+08:00</created>
<dc:SiteServer_id xmlns:dc="http://purl.org/dc/elements/1.1/"><![CDATA[19]]></dc:SiteServer_id>
<dc:SiteServer_inputid xmlns:dc="http://purl.org/dc/elements/1.1/"><![CDATA[11]]></dc:SiteServer_inputid>
<dc:SiteServer_taxis xmlns:dc="http://purl.org/dc/elements/1.1/"><![CDATA[1]]></dc:SiteServer_taxis>
<dc:SiteServer_ischecked xmlns:dc="http://purl.org/dc/elements/1.1/"><![CDATA[True]]></dc:SiteServer_ischecked>
<dc:SiteServer_ipaddress xmlns:dc="http://purl.org/dc/elements/1.1/"><![CDATA[localhost]]></dc:SiteServer_ipaddress>
<dc:SiteServer_adddate xmlns:dc="http://purl.org/dc/elements/1.1/"><![CDATA[2018/2/5 10:32:00]]></dc:SiteServer_adddate>
<dc:SiteServer_settingsxml xmlns:dc="http://purl.org/dc/elements/1.1/"><![CDATA[name=张三&email=admin@siteserver.cn&iphone=010-12345678&company=规划局感觉怪怪&title=光棍节赶脚感觉&neirong=根据国家级]]></dc:SiteServer_settingsxml>
<dc:SiteServer_name xmlns:dc="http://purl.org/dc/elements/1.1/"><![CDATA[张三]]></dc:SiteServer_name>
<dc:SiteServer_email xmlns:dc="http://purl.org/dc/elements/1.1/"><![CDATA[admin@siteserver.cn]]></dc:SiteServer_email>
<dc:SiteServer_iphone xmlns:dc="http://purl.org/dc/elements/1.1/"><![CDATA[010-12345678]]></dc:SiteServer_iphone>
<dc:SiteServer_company xmlns:dc="http://purl.org/dc/elements/1.1/"><![CDATA[规划局感觉怪怪]]></dc:SiteServer_company>
<dc:SiteServer_title xmlns:dc="http://purl.org/dc/elements/1.1/"><![CDATA[光棍节赶脚感觉]]></dc:SiteServer_title>
<dc:SiteServer_neirong xmlns:dc="http://purl.org/dc/elements/1.1/"><![CDATA[根据国家级]]></dc:SiteServer_neirong>
</entry>
</feed>
