﻿<?xml version="1.0" encoding="utf-8"?>
<!--Generated by SiteServer CMS-->
<feed version="0.3" xmlns="http://purl.org/atom/ns#">
<title>siteserver channel</title>
<author>
<name>siteserver</name>
<url>http://www.siteserver.cn/</url>
</author>
<generator url="http://www.siteserver.cn/" version="1.0.6535.13587">Generated by SiteServer CMS</generator>
<modified>2018-02-05T10:43:49+08:00</modified>
<entry>
<title>title</title>
<id>http://www.siteserver.cn/</id>
<modified>2018-02-05T10:43:49+08:00</modified>
<issued>2018-02-05T10:43:49+08:00</issued>
<created>2018-02-05T10:43:49+08:00</created>
<dc:SiteServer_MenuDisplayID xmlns:dc="http://purl.org/dc/elements/1.1/"><![CDATA[29]]></dc:SiteServer_MenuDisplayID>
<dc:SiteServer_PublishmentSystemID xmlns:dc="http://purl.org/dc/elements/1.1/"><![CDATA[736]]></dc:SiteServer_PublishmentSystemID>
<dc:SiteServer_MenuDisplayName xmlns:dc="http://purl.org/dc/elements/1.1/"><![CDATA[系统菜单显示方式]]></dc:SiteServer_MenuDisplayName>
<dc:SiteServer_Vertical xmlns:dc="http://purl.org/dc/elements/1.1/"><![CDATA[true]]></dc:SiteServer_Vertical>
<dc:SiteServer_FontSize xmlns:dc="http://purl.org/dc/elements/1.1/"><![CDATA[12]]></dc:SiteServer_FontSize>
<dc:SiteServer_FontWeight xmlns:dc="http://purl.org/dc/elements/1.1/"><![CDATA[plain]]></dc:SiteServer_FontWeight>
<dc:SiteServer_MenuItemHAlign xmlns:dc="http://purl.org/dc/elements/1.1/"><![CDATA[center]]></dc:SiteServer_MenuItemHAlign>
<dc:SiteServer_MenuItemVAlign xmlns:dc="http://purl.org/dc/elements/1.1/"><![CDATA[middle]]></dc:SiteServer_MenuItemVAlign>
<dc:SiteServer_FontColor xmlns:dc="http://purl.org/dc/elements/1.1/"><![CDATA[#000000]]></dc:SiteServer_FontColor>
<dc:SiteServer_MenuItemBgColor xmlns:dc="http://purl.org/dc/elements/1.1/"><![CDATA[#F2F2F2]]></dc:SiteServer_MenuItemBgColor>
<dc:SiteServer_FontColorHilite xmlns:dc="http://purl.org/dc/elements/1.1/"><![CDATA[#FFFFFF]]></dc:SiteServer_FontColorHilite>
<dc:SiteServer_MenuHiliteBgColor xmlns:dc="http://purl.org/dc/elements/1.1/"><![CDATA[#CCCCCC]]></dc:SiteServer_MenuHiliteBgColor>
<dc:SiteServer_XPosition xmlns:dc="http://purl.org/dc/elements/1.1/"><![CDATA[-10]]></dc:SiteServer_XPosition>
<dc:SiteServer_YPosition xmlns:dc="http://purl.org/dc/elements/1.1/"><![CDATA[20]]></dc:SiteServer_YPosition>
<dc:SiteServer_HideOnMouseOut xmlns:dc="http://purl.org/dc/elements/1.1/"><![CDATA[true]]></dc:SiteServer_HideOnMouseOut>
<dc:SiteServer_MenuWidth xmlns:dc="http://purl.org/dc/elements/1.1/"><![CDATA[115]]></dc:SiteServer_MenuWidth>
<dc:SiteServer_MenuItemHeight xmlns:dc="http://purl.org/dc/elements/1.1/"><![CDATA[24]]></dc:SiteServer_MenuItemHeight>
<dc:SiteServer_MenuItemPadding xmlns:dc="http://purl.org/dc/elements/1.1/"><![CDATA[0]]></dc:SiteServer_MenuItemPadding>
<dc:SiteServer_MenuItemSpacing xmlns:dc="http://purl.org/dc/elements/1.1/"><![CDATA[0]]></dc:SiteServer_MenuItemSpacing>
<dc:SiteServer_MenuItemIndent xmlns:dc="http://purl.org/dc/elements/1.1/"><![CDATA[0]]></dc:SiteServer_MenuItemIndent>
<dc:SiteServer_HideTimeout xmlns:dc="http://purl.org/dc/elements/1.1/"><![CDATA[500]]></dc:SiteServer_HideTimeout>
<dc:SiteServer_MenuBgOpaque xmlns:dc="http://purl.org/dc/elements/1.1/"><![CDATA[true]]></dc:SiteServer_MenuBgOpaque>
<dc:SiteServer_MenuBorder xmlns:dc="http://purl.org/dc/elements/1.1/"><![CDATA[1]]></dc:SiteServer_MenuBorder>
<dc:SiteServer_BGColor xmlns:dc="http://purl.org/dc/elements/1.1/"><![CDATA[#A8A8A8]]></dc:SiteServer_BGColor>
<dc:SiteServer_MenuLiteBgColor xmlns:dc="http://purl.org/dc/elements/1.1/"><![CDATA[#A8A8A8]]></dc:SiteServer_MenuLiteBgColor>
<dc:SiteServer_AddDate xmlns:dc="http://purl.org/dc/elements/1.1/"><![CDATA[2018年2月2日]]></dc:SiteServer_AddDate>
<dc:SiteServer_IsDefault xmlns:dc="http://purl.org/dc/elements/1.1/"><![CDATA[True]]></dc:SiteServer_IsDefault>
<dc:SiteServer_Description xmlns:dc="http://purl.org/dc/elements/1.1/"><![CDATA[系统菜单显示方式]]></dc:SiteServer_Description>
</entry>
</feed>
