﻿<?xml version="1.0" encoding="utf-8"?>
<!--Generated by SiteServer CMS-->
<feed version="0.3" xmlns="http://purl.org/atom/ns#">
<title>siteserver channel</title>
<author>
<name>siteserver</name>
<url>http://www.siteserver.cn/</url>
</author>
<generator url="http://www.siteserver.cn/" version="1.0.6535.13587">Generated by SiteServer CMS</generator>
<modified>2018-02-05T10:43:49+08:00</modified>
<entry>
<title>title</title>
<id>http://www.siteserver.cn/</id>
<modified>2018-02-05T10:43:49+08:00</modified>
<issued>2018-02-05T10:43:49+08:00</issued>
<created>2018-02-05T10:43:49+08:00</created>
<dc:SiteServer_SeoMetaID xmlns:dc="http://purl.org/dc/elements/1.1/"><![CDATA[2]]></dc:SiteServer_SeoMetaID>
<dc:SiteServer_PublishmentSystemID xmlns:dc="http://purl.org/dc/elements/1.1/"><![CDATA[736]]></dc:SiteServer_PublishmentSystemID>
<dc:SiteServer_SeoMetaName xmlns:dc="http://purl.org/dc/elements/1.1/"><![CDATA[SiteServer CMS]]></dc:SiteServer_SeoMetaName>
<dc:SiteServer_IsDefault xmlns:dc="http://purl.org/dc/elements/1.1/"><![CDATA[False]]></dc:SiteServer_IsDefault>
<dc:SiteServer_PageTitle xmlns:dc="http://purl.org/dc/elements/1.1/"><![CDATA[SiteServer CMS]]></dc:SiteServer_PageTitle>
<dc:SiteServer_Keywords xmlns:dc="http://purl.org/dc/elements/1.1/"><![CDATA[CMS,开源CMS,.net cms,政府CMS,企业级CMS,网站群,WCM,内容管理系统,网站内容管理,门户系统,建站系统]]></dc:SiteServer_Keywords>
<dc:SiteServer_Description xmlns:dc="http://purl.org/dc/elements/1.1/"><![CDATA[SiteServer CMS 是中国最强大的企业级开源CMS内容管理系统和网站群系统，能够以最低的成本、最少的人力投入在最短的时间内架设一个功能齐全、性能优异、规模庞大并易于维护的网站平台。]]></dc:SiteServer_Description>
<dc:SiteServer_Copyright xmlns:dc="http://purl.org/dc/elements/1.1/"><![CDATA[SiteServer CMS]]></dc:SiteServer_Copyright>
<dc:SiteServer_Author xmlns:dc="http://purl.org/dc/elements/1.1/"><![CDATA[SiteServer CMS]]></dc:SiteServer_Author>
</entry>
</feed>
