﻿<?xml version="1.0" encoding="utf-8"?>
<!--Generated by SiteServer CMS-->
<feed version="0.3" xmlns="http://purl.org/atom/ns#">
<title>siteserver channel</title>
<author>
<name>siteserver</name>
<url>http://www.siteserver.cn/</url>
</author>
<generator url="http://www.siteserver.cn/" version="1.0.6422.9420">Generated by SiteServer CMS</generator>
<modified>2017-09-29T15:41:18+08:00</modified>
<dc:SiteServer_TableENName xmlns:dc="http://purl.org/dc/elements/1.1/"><![CDATA[model_Content]]></dc:SiteServer_TableENName>
<dc:SiteServer_TableCNName xmlns:dc="http://purl.org/dc/elements/1.1/"><![CDATA[后台内容表]]></dc:SiteServer_TableCNName>
<dc:SiteServer_AttributeNum xmlns:dc="http://purl.org/dc/elements/1.1/"><![CDATA[15]]></dc:SiteServer_AttributeNum>
<dc:SiteServer_AuxiliaryTableType xmlns:dc="http://purl.org/dc/elements/1.1/"><![CDATA[BackgroundContent]]></dc:SiteServer_AuxiliaryTableType>
<dc:SiteServer_IsCreatedInDB xmlns:dc="http://purl.org/dc/elements/1.1/"><![CDATA[True]]></dc:SiteServer_IsCreatedInDB>
<dc:SiteServer_IsChangedAfterCreatedInDB xmlns:dc="http://purl.org/dc/elements/1.1/"><![CDATA[False]]></dc:SiteServer_IsChangedAfterCreatedInDB>
<entry>
<title>title</title>
<id>http://www.siteserver.cn/</id>
<modified>2017-09-29T15:41:18+08:00</modified>
<issued>2017-09-29T15:41:18+08:00</issued>
<created>2017-09-29T15:41:18+08:00</created>
<dc:SiteServer_TableMetadataID xmlns:dc="http://purl.org/dc/elements/1.1/"><![CDATA[1]]></dc:SiteServer_TableMetadataID>
<dc:SiteServer_AuxiliaryTableENName xmlns:dc="http://purl.org/dc/elements/1.1/"><![CDATA[model_Content]]></dc:SiteServer_AuxiliaryTableENName>
<dc:SiteServer_AttributeName xmlns:dc="http://purl.org/dc/elements/1.1/"><![CDATA[Title]]></dc:SiteServer_AttributeName>
<dc:SiteServer_DataType xmlns:dc="http://purl.org/dc/elements/1.1/"><![CDATA[NVarChar]]></dc:SiteServer_DataType>
<dc:SiteServer_DataLength xmlns:dc="http://purl.org/dc/elements/1.1/"><![CDATA[255]]></dc:SiteServer_DataLength>
<dc:SiteServer_Taxis xmlns:dc="http://purl.org/dc/elements/1.1/"><![CDATA[2]]></dc:SiteServer_Taxis>
<dc:SiteServer_IsSystem xmlns:dc="http://purl.org/dc/elements/1.1/"><![CDATA[True]]></dc:SiteServer_IsSystem>
</entry>
<entry>
<title>title</title>
<id>http://www.siteserver.cn/</id>
<modified>2017-09-29T15:41:18+08:00</modified>
<issued>2017-09-29T15:41:18+08:00</issued>
<created>2017-09-29T15:41:18+08:00</created>
<dc:SiteServer_TableMetadataID xmlns:dc="http://purl.org/dc/elements/1.1/"><![CDATA[2]]></dc:SiteServer_TableMetadataID>
<dc:SiteServer_AuxiliaryTableENName xmlns:dc="http://purl.org/dc/elements/1.1/"><![CDATA[model_Content]]></dc:SiteServer_AuxiliaryTableENName>
<dc:SiteServer_AttributeName xmlns:dc="http://purl.org/dc/elements/1.1/"><![CDATA[SubTitle]]></dc:SiteServer_AttributeName>
<dc:SiteServer_DataType xmlns:dc="http://purl.org/dc/elements/1.1/"><![CDATA[NVarChar]]></dc:SiteServer_DataType>
<dc:SiteServer_DataLength xmlns:dc="http://purl.org/dc/elements/1.1/"><![CDATA[255]]></dc:SiteServer_DataLength>
<dc:SiteServer_Taxis xmlns:dc="http://purl.org/dc/elements/1.1/"><![CDATA[3]]></dc:SiteServer_Taxis>
<dc:SiteServer_IsSystem xmlns:dc="http://purl.org/dc/elements/1.1/"><![CDATA[True]]></dc:SiteServer_IsSystem>
</entry>
<entry>
<title>title</title>
<id>http://www.siteserver.cn/</id>
<modified>2017-09-29T15:41:18+08:00</modified>
<issued>2017-09-29T15:41:18+08:00</issued>
<created>2017-09-29T15:41:18+08:00</created>
<dc:SiteServer_TableMetadataID xmlns:dc="http://purl.org/dc/elements/1.1/"><![CDATA[4]]></dc:SiteServer_TableMetadataID>
<dc:SiteServer_AuxiliaryTableENName xmlns:dc="http://purl.org/dc/elements/1.1/"><![CDATA[model_Content]]></dc:SiteServer_AuxiliaryTableENName>
<dc:SiteServer_AttributeName xmlns:dc="http://purl.org/dc/elements/1.1/"><![CDATA[VideoUrl]]></dc:SiteServer_AttributeName>
<dc:SiteServer_DataType xmlns:dc="http://purl.org/dc/elements/1.1/"><![CDATA[VarChar]]></dc:SiteServer_DataType>
<dc:SiteServer_DataLength xmlns:dc="http://purl.org/dc/elements/1.1/"><![CDATA[200]]></dc:SiteServer_DataLength>
<dc:SiteServer_Taxis xmlns:dc="http://purl.org/dc/elements/1.1/"><![CDATA[4]]></dc:SiteServer_Taxis>
<dc:SiteServer_IsSystem xmlns:dc="http://purl.org/dc/elements/1.1/"><![CDATA[True]]></dc:SiteServer_IsSystem>
</entry>
<entry>
<title>title</title>
<id>http://www.siteserver.cn/</id>
<modified>2017-09-29T15:41:18+08:00</modified>
<issued>2017-09-29T15:41:18+08:00</issued>
<created>2017-09-29T15:41:18+08:00</created>
<dc:SiteServer_TableMetadataID xmlns:dc="http://purl.org/dc/elements/1.1/"><![CDATA[3]]></dc:SiteServer_TableMetadataID>
<dc:SiteServer_AuxiliaryTableENName xmlns:dc="http://purl.org/dc/elements/1.1/"><![CDATA[model_Content]]></dc:SiteServer_AuxiliaryTableENName>
<dc:SiteServer_AttributeName xmlns:dc="http://purl.org/dc/elements/1.1/"><![CDATA[ImageUrl]]></dc:SiteServer_AttributeName>
<dc:SiteServer_DataType xmlns:dc="http://purl.org/dc/elements/1.1/"><![CDATA[VarChar]]></dc:SiteServer_DataType>
<dc:SiteServer_DataLength xmlns:dc="http://purl.org/dc/elements/1.1/"><![CDATA[200]]></dc:SiteServer_DataLength>
<dc:SiteServer_Taxis xmlns:dc="http://purl.org/dc/elements/1.1/"><![CDATA[5]]></dc:SiteServer_Taxis>
<dc:SiteServer_IsSystem xmlns:dc="http://purl.org/dc/elements/1.1/"><![CDATA[True]]></dc:SiteServer_IsSystem>
</entry>
<entry>
<title>title</title>
<id>http://www.siteserver.cn/</id>
<modified>2017-09-29T15:41:18+08:00</modified>
<issued>2017-09-29T15:41:18+08:00</issued>
<created>2017-09-29T15:41:18+08:00</created>
<dc:SiteServer_TableMetadataID xmlns:dc="http://purl.org/dc/elements/1.1/"><![CDATA[5]]></dc:SiteServer_TableMetadataID>
<dc:SiteServer_AuxiliaryTableENName xmlns:dc="http://purl.org/dc/elements/1.1/"><![CDATA[model_Content]]></dc:SiteServer_AuxiliaryTableENName>
<dc:SiteServer_AttributeName xmlns:dc="http://purl.org/dc/elements/1.1/"><![CDATA[FileUrl]]></dc:SiteServer_AttributeName>
<dc:SiteServer_DataType xmlns:dc="http://purl.org/dc/elements/1.1/"><![CDATA[VarChar]]></dc:SiteServer_DataType>
<dc:SiteServer_DataLength xmlns:dc="http://purl.org/dc/elements/1.1/"><![CDATA[200]]></dc:SiteServer_DataLength>
<dc:SiteServer_Taxis xmlns:dc="http://purl.org/dc/elements/1.1/"><![CDATA[6]]></dc:SiteServer_Taxis>
<dc:SiteServer_IsSystem xmlns:dc="http://purl.org/dc/elements/1.1/"><![CDATA[True]]></dc:SiteServer_IsSystem>
</entry>
<entry>
<title>title</title>
<id>http://www.siteserver.cn/</id>
<modified>2017-09-29T15:41:18+08:00</modified>
<issued>2017-09-29T15:41:18+08:00</issued>
<created>2017-09-29T15:41:18+08:00</created>
<dc:SiteServer_TableMetadataID xmlns:dc="http://purl.org/dc/elements/1.1/"><![CDATA[6]]></dc:SiteServer_TableMetadataID>
<dc:SiteServer_AuxiliaryTableENName xmlns:dc="http://purl.org/dc/elements/1.1/"><![CDATA[model_Content]]></dc:SiteServer_AuxiliaryTableENName>
<dc:SiteServer_AttributeName xmlns:dc="http://purl.org/dc/elements/1.1/"><![CDATA[LinkUrl]]></dc:SiteServer_AttributeName>
<dc:SiteServer_DataType xmlns:dc="http://purl.org/dc/elements/1.1/"><![CDATA[NVarChar]]></dc:SiteServer_DataType>
<dc:SiteServer_DataLength xmlns:dc="http://purl.org/dc/elements/1.1/"><![CDATA[200]]></dc:SiteServer_DataLength>
<dc:SiteServer_Taxis xmlns:dc="http://purl.org/dc/elements/1.1/"><![CDATA[7]]></dc:SiteServer_Taxis>
<dc:SiteServer_IsSystem xmlns:dc="http://purl.org/dc/elements/1.1/"><![CDATA[True]]></dc:SiteServer_IsSystem>
</entry>
<entry>
<title>title</title>
<id>http://www.siteserver.cn/</id>
<modified>2017-09-29T15:41:18+08:00</modified>
<issued>2017-09-29T15:41:18+08:00</issued>
<created>2017-09-29T15:41:18+08:00</created>
<dc:SiteServer_TableMetadataID xmlns:dc="http://purl.org/dc/elements/1.1/"><![CDATA[7]]></dc:SiteServer_TableMetadataID>
<dc:SiteServer_AuxiliaryTableENName xmlns:dc="http://purl.org/dc/elements/1.1/"><![CDATA[model_Content]]></dc:SiteServer_AuxiliaryTableENName>
<dc:SiteServer_AttributeName xmlns:dc="http://purl.org/dc/elements/1.1/"><![CDATA[Content]]></dc:SiteServer_AttributeName>
<dc:SiteServer_DataType xmlns:dc="http://purl.org/dc/elements/1.1/"><![CDATA[NText]]></dc:SiteServer_DataType>
<dc:SiteServer_DataLength xmlns:dc="http://purl.org/dc/elements/1.1/"><![CDATA[16]]></dc:SiteServer_DataLength>
<dc:SiteServer_Taxis xmlns:dc="http://purl.org/dc/elements/1.1/"><![CDATA[8]]></dc:SiteServer_Taxis>
<dc:SiteServer_IsSystem xmlns:dc="http://purl.org/dc/elements/1.1/"><![CDATA[True]]></dc:SiteServer_IsSystem>
</entry>
<entry>
<title>title</title>
<id>http://www.siteserver.cn/</id>
<modified>2017-09-29T15:41:18+08:00</modified>
<issued>2017-09-29T15:41:18+08:00</issued>
<created>2017-09-29T15:41:18+08:00</created>
<dc:SiteServer_TableMetadataID xmlns:dc="http://purl.org/dc/elements/1.1/"><![CDATA[8]]></dc:SiteServer_TableMetadataID>
<dc:SiteServer_AuxiliaryTableENName xmlns:dc="http://purl.org/dc/elements/1.1/"><![CDATA[model_Content]]></dc:SiteServer_AuxiliaryTableENName>
<dc:SiteServer_AttributeName xmlns:dc="http://purl.org/dc/elements/1.1/"><![CDATA[Summary]]></dc:SiteServer_AttributeName>
<dc:SiteServer_DataType xmlns:dc="http://purl.org/dc/elements/1.1/"><![CDATA[NText]]></dc:SiteServer_DataType>
<dc:SiteServer_DataLength xmlns:dc="http://purl.org/dc/elements/1.1/"><![CDATA[16]]></dc:SiteServer_DataLength>
<dc:SiteServer_Taxis xmlns:dc="http://purl.org/dc/elements/1.1/"><![CDATA[9]]></dc:SiteServer_Taxis>
<dc:SiteServer_IsSystem xmlns:dc="http://purl.org/dc/elements/1.1/"><![CDATA[True]]></dc:SiteServer_IsSystem>
</entry>
<entry>
<title>title</title>
<id>http://www.siteserver.cn/</id>
<modified>2017-09-29T15:41:18+08:00</modified>
<issued>2017-09-29T15:41:18+08:00</issued>
<created>2017-09-29T15:41:18+08:00</created>
<dc:SiteServer_TableMetadataID xmlns:dc="http://purl.org/dc/elements/1.1/"><![CDATA[9]]></dc:SiteServer_TableMetadataID>
<dc:SiteServer_AuxiliaryTableENName xmlns:dc="http://purl.org/dc/elements/1.1/"><![CDATA[model_Content]]></dc:SiteServer_AuxiliaryTableENName>
<dc:SiteServer_AttributeName xmlns:dc="http://purl.org/dc/elements/1.1/"><![CDATA[Author]]></dc:SiteServer_AttributeName>
<dc:SiteServer_DataType xmlns:dc="http://purl.org/dc/elements/1.1/"><![CDATA[NVarChar]]></dc:SiteServer_DataType>
<dc:SiteServer_DataLength xmlns:dc="http://purl.org/dc/elements/1.1/"><![CDATA[255]]></dc:SiteServer_DataLength>
<dc:SiteServer_Taxis xmlns:dc="http://purl.org/dc/elements/1.1/"><![CDATA[10]]></dc:SiteServer_Taxis>
<dc:SiteServer_IsSystem xmlns:dc="http://purl.org/dc/elements/1.1/"><![CDATA[True]]></dc:SiteServer_IsSystem>
</entry>
<entry>
<title>title</title>
<id>http://www.siteserver.cn/</id>
<modified>2017-09-29T15:41:18+08:00</modified>
<issued>2017-09-29T15:41:18+08:00</issued>
<created>2017-09-29T15:41:18+08:00</created>
<dc:SiteServer_TableMetadataID xmlns:dc="http://purl.org/dc/elements/1.1/"><![CDATA[10]]></dc:SiteServer_TableMetadataID>
<dc:SiteServer_AuxiliaryTableENName xmlns:dc="http://purl.org/dc/elements/1.1/"><![CDATA[model_Content]]></dc:SiteServer_AuxiliaryTableENName>
<dc:SiteServer_AttributeName xmlns:dc="http://purl.org/dc/elements/1.1/"><![CDATA[Source]]></dc:SiteServer_AttributeName>
<dc:SiteServer_DataType xmlns:dc="http://purl.org/dc/elements/1.1/"><![CDATA[NVarChar]]></dc:SiteServer_DataType>
<dc:SiteServer_DataLength xmlns:dc="http://purl.org/dc/elements/1.1/"><![CDATA[255]]></dc:SiteServer_DataLength>
<dc:SiteServer_Taxis xmlns:dc="http://purl.org/dc/elements/1.1/"><![CDATA[11]]></dc:SiteServer_Taxis>
<dc:SiteServer_IsSystem xmlns:dc="http://purl.org/dc/elements/1.1/"><![CDATA[True]]></dc:SiteServer_IsSystem>
</entry>
<entry>
<title>title</title>
<id>http://www.siteserver.cn/</id>
<modified>2017-09-29T15:41:18+08:00</modified>
<issued>2017-09-29T15:41:18+08:00</issued>
<created>2017-09-29T15:41:18+08:00</created>
<dc:SiteServer_TableMetadataID xmlns:dc="http://purl.org/dc/elements/1.1/"><![CDATA[11]]></dc:SiteServer_TableMetadataID>
<dc:SiteServer_AuxiliaryTableENName xmlns:dc="http://purl.org/dc/elements/1.1/"><![CDATA[model_Content]]></dc:SiteServer_AuxiliaryTableENName>
<dc:SiteServer_AttributeName xmlns:dc="http://purl.org/dc/elements/1.1/"><![CDATA[IsRecommend]]></dc:SiteServer_AttributeName>
<dc:SiteServer_DataType xmlns:dc="http://purl.org/dc/elements/1.1/"><![CDATA[VarChar]]></dc:SiteServer_DataType>
<dc:SiteServer_DataLength xmlns:dc="http://purl.org/dc/elements/1.1/"><![CDATA[18]]></dc:SiteServer_DataLength>
<dc:SiteServer_Taxis xmlns:dc="http://purl.org/dc/elements/1.1/"><![CDATA[12]]></dc:SiteServer_Taxis>
<dc:SiteServer_IsSystem xmlns:dc="http://purl.org/dc/elements/1.1/"><![CDATA[True]]></dc:SiteServer_IsSystem>
</entry>
<entry>
<title>title</title>
<id>http://www.siteserver.cn/</id>
<modified>2017-09-29T15:41:18+08:00</modified>
<issued>2017-09-29T15:41:18+08:00</issued>
<created>2017-09-29T15:41:18+08:00</created>
<dc:SiteServer_TableMetadataID xmlns:dc="http://purl.org/dc/elements/1.1/"><![CDATA[12]]></dc:SiteServer_TableMetadataID>
<dc:SiteServer_AuxiliaryTableENName xmlns:dc="http://purl.org/dc/elements/1.1/"><![CDATA[model_Content]]></dc:SiteServer_AuxiliaryTableENName>
<dc:SiteServer_AttributeName xmlns:dc="http://purl.org/dc/elements/1.1/"><![CDATA[IsHot]]></dc:SiteServer_AttributeName>
<dc:SiteServer_DataType xmlns:dc="http://purl.org/dc/elements/1.1/"><![CDATA[VarChar]]></dc:SiteServer_DataType>
<dc:SiteServer_DataLength xmlns:dc="http://purl.org/dc/elements/1.1/"><![CDATA[18]]></dc:SiteServer_DataLength>
<dc:SiteServer_Taxis xmlns:dc="http://purl.org/dc/elements/1.1/"><![CDATA[13]]></dc:SiteServer_Taxis>
<dc:SiteServer_IsSystem xmlns:dc="http://purl.org/dc/elements/1.1/"><![CDATA[True]]></dc:SiteServer_IsSystem>
</entry>
<entry>
<title>title</title>
<id>http://www.siteserver.cn/</id>
<modified>2017-09-29T15:41:18+08:00</modified>
<issued>2017-09-29T15:41:18+08:00</issued>
<created>2017-09-29T15:41:18+08:00</created>
<dc:SiteServer_TableMetadataID xmlns:dc="http://purl.org/dc/elements/1.1/"><![CDATA[13]]></dc:SiteServer_TableMetadataID>
<dc:SiteServer_AuxiliaryTableENName xmlns:dc="http://purl.org/dc/elements/1.1/"><![CDATA[model_Content]]></dc:SiteServer_AuxiliaryTableENName>
<dc:SiteServer_AttributeName xmlns:dc="http://purl.org/dc/elements/1.1/"><![CDATA[IsColor]]></dc:SiteServer_AttributeName>
<dc:SiteServer_DataType xmlns:dc="http://purl.org/dc/elements/1.1/"><![CDATA[VarChar]]></dc:SiteServer_DataType>
<dc:SiteServer_DataLength xmlns:dc="http://purl.org/dc/elements/1.1/"><![CDATA[18]]></dc:SiteServer_DataLength>
<dc:SiteServer_Taxis xmlns:dc="http://purl.org/dc/elements/1.1/"><![CDATA[14]]></dc:SiteServer_Taxis>
<dc:SiteServer_IsSystem xmlns:dc="http://purl.org/dc/elements/1.1/"><![CDATA[True]]></dc:SiteServer_IsSystem>
</entry>
<entry>
<title>title</title>
<id>http://www.siteserver.cn/</id>
<modified>2017-09-29T15:41:18+08:00</modified>
<issued>2017-09-29T15:41:18+08:00</issued>
<created>2017-09-29T15:41:18+08:00</created>
<dc:SiteServer_TableMetadataID xmlns:dc="http://purl.org/dc/elements/1.1/"><![CDATA[14]]></dc:SiteServer_TableMetadataID>
<dc:SiteServer_AuxiliaryTableENName xmlns:dc="http://purl.org/dc/elements/1.1/"><![CDATA[model_Content]]></dc:SiteServer_AuxiliaryTableENName>
<dc:SiteServer_AttributeName xmlns:dc="http://purl.org/dc/elements/1.1/"><![CDATA[IsTop]]></dc:SiteServer_AttributeName>
<dc:SiteServer_DataType xmlns:dc="http://purl.org/dc/elements/1.1/"><![CDATA[VarChar]]></dc:SiteServer_DataType>
<dc:SiteServer_DataLength xmlns:dc="http://purl.org/dc/elements/1.1/"><![CDATA[18]]></dc:SiteServer_DataLength>
<dc:SiteServer_Taxis xmlns:dc="http://purl.org/dc/elements/1.1/"><![CDATA[15]]></dc:SiteServer_Taxis>
<dc:SiteServer_IsSystem xmlns:dc="http://purl.org/dc/elements/1.1/"><![CDATA[True]]></dc:SiteServer_IsSystem>
</entry>
<entry>
<title>title</title>
<id>http://www.siteserver.cn/</id>
<modified>2017-09-29T15:41:18+08:00</modified>
<issued>2017-09-29T15:41:18+08:00</issued>
<created>2017-09-29T15:41:18+08:00</created>
<dc:SiteServer_TableMetadataID xmlns:dc="http://purl.org/dc/elements/1.1/"><![CDATA[15]]></dc:SiteServer_TableMetadataID>
<dc:SiteServer_AuxiliaryTableENName xmlns:dc="http://purl.org/dc/elements/1.1/"><![CDATA[model_Content]]></dc:SiteServer_AuxiliaryTableENName>
<dc:SiteServer_AttributeName xmlns:dc="http://purl.org/dc/elements/1.1/"><![CDATA[AddDate]]></dc:SiteServer_AttributeName>
<dc:SiteServer_DataType xmlns:dc="http://purl.org/dc/elements/1.1/"><![CDATA[DateTime]]></dc:SiteServer_DataType>
<dc:SiteServer_DataLength xmlns:dc="http://purl.org/dc/elements/1.1/"><![CDATA[8]]></dc:SiteServer_DataLength>
<dc:SiteServer_Taxis xmlns:dc="http://purl.org/dc/elements/1.1/"><![CDATA[16]]></dc:SiteServer_Taxis>
<dc:SiteServer_IsSystem xmlns:dc="http://purl.org/dc/elements/1.1/"><![CDATA[True]]></dc:SiteServer_IsSystem>
</entry>
</feed>
